ID,File Name,Role Title,Department,Leadership,Volunteers Needed
1,Volunteer_Role_1.pdf,Community Outreach Support Volunteer,Mathematics,"Dr. Andrew Parker, Prof. John Carter, Dr. Olivia Scott",2
2,Volunteer_Role_2.pdf,STEM Learning Center Tutor,Computer Science,"Dr. Andrew Parker, Prof. Rachel Johnson, Dr. Maria Gonzalez",2
3,Volunteer_Role_3.pdf,Library Resources Assistant,Business,"Dr. Maria Gonzalez, Prof. Henry Wilson, Prof. Rachel Johnson",3
4,Volunteer_Role_4.pdf,Campus Sustainability Advocate,Environmental Science,"Prof. John Carter, Dr. Michael Brown, Dr. Sarah Thompson",2
5,Volunteer_Role_5.pdf,Event Operations Volunteer,Mathematics,"Prof. Linda Nguyen, Dr. Kevin Lee, Dr. Sarah Thompson",1
6,Volunteer_Role_6.pdf,Undergraduate Research Assistant,Communications,"Dr. Maria Gonzalez, Dr. Kevin Lee, Dr. Emily Davis",2
7,Volunteer_Role_7.pdf,Student Wellness Peer Mentor,Sociology,"Prof. Henry Wilson, Prof. Rachel Johnson, Dr. Michael Brown",2
8,Volunteer_Role_8.pdf,IT Help Desk Volunteer,Business,"Dr. Sarah Thompson, Prof. Linda Nguyen, Dr. Kevin Lee",3
9,Volunteer_Role_9.pdf,Career Center Outreach Support,Biology,"Dr. Kevin Lee, Dr. Sarah Thompson, Dr. Maria Gonzalez",3
10,Volunteer_Role_10.pdf,International Student Peer Guide,Communications,"Prof. Linda Nguyen, Prof. Rachel Johnson, Dr. Michael Brown",3
11,Volunteer_Role_11.pdf,Athletics Event Support,Communications,"Dr. Emily Davis, Prof. John Carter, Dr. Maria Gonzalez",2
12,Volunteer_Role_12.pdf,Writing Center Tutor,Business,"Dr. Olivia Scott, Dr. Kevin Lee, Dr. Andrew Parker",3
13,Volunteer_Role_13.pdf,Media Production Volunteer,Psychology,"Dr. Maria Gonzalez, Dr. Andrew Parker, Prof. John Carter",1
14,Volunteer_Role_14.pdf,Campus Food Pantry Volunteer,Psychology,"Dr. Emily Davis, Prof. Henry Wilson, Dr. Olivia Scott",3
15,Volunteer_Role_15.pdf,Science Laboratory Assistant,Communications,"Prof. Linda Nguyen, Dr. Sarah Thompson, Dr. Emily Davis",3
16,Volunteer_Role_16.pdf,Business Innovation Assistant,Mathematics,"Dr. Kevin Lee, Dr. Emily Davis, Dr. Sarah Thompson",3
17,Volunteer_Role_17.pdf,Engineering Workshop Volunteer,English,"Prof. John Carter, Dr. Andrew Parker, Prof. Henry Wilson",1
18,Volunteer_Role_18.pdf,Math Learning Lab Assistant,Business,"Prof. Linda Nguyen, Prof. Henry Wilson, Prof. Rachel Johnson",3
19,Volunteer_Role_19.pdf,Psychology Lab Support,Business,"Prof. Henry Wilson, Dr. Maria Gonzalez, Dr. Andrew Parker",1
20,Volunteer_Role_20.pdf,Art Studio Volunteer,Mathematics,"Dr. Olivia Scott, Dr. Michael Brown, Dr. Maria Gonzalez",3
21,Volunteer_Role_21.pdf,Community Outreach Support Volunteer,Environmental Science,"Prof. John Carter, Dr. Emily Davis, Dr. Kevin Lee",2
22,Volunteer_Role_22.pdf,STEM Learning Center Tutor,Computer Science,"Prof. John Carter, Dr. Sarah Thompson, Prof. Linda Nguyen",2
23,Volunteer_Role_23.pdf,Library Resources Assistant,Computer Science,"Dr. Michael Brown, Prof. Rachel Johnson, Dr. Kevin Lee",3
24,Volunteer_Role_24.pdf,Campus Sustainability Advocate,Biology,"Dr. Sarah Thompson, Prof. John Carter, Dr. Olivia Scott",3
25,Volunteer_Role_25.pdf,Event Operations Volunteer,Psychology,"Prof. Henry Wilson, Prof. Rachel Johnson, Dr. Olivia Scott",2
26,Volunteer_Role_26.pdf,Undergraduate Research Assistant,English,"Prof. Linda Nguyen, Dr. Sarah Thompson, Dr. Michael Brown",2
27,Volunteer_Role_27.pdf,Student Wellness Peer Mentor,English,"Dr. Andrew Parker, Dr. Maria Gonzalez, Prof. Henry Wilson",2
28,Volunteer_Role_28.pdf,IT Help Desk Volunteer,Communications,"Dr. Emily Davis, Dr. Maria Gonzalez, Dr. Michael Brown",1
29,Volunteer_Role_29.pdf,Career Center Outreach Support,Sociology,"Dr. Maria Gonzalez, Prof. Rachel Johnson, Prof. Henry Wilson",2
30,Volunteer_Role_30.pdf,International Student Peer Guide,Communications,"Dr. Andrew Parker, Prof. John Carter, Dr. Maria Gonzalez",3
31,Volunteer_Role_31.pdf,Athletics Event Support,Communications,"Prof. Linda Nguyen, Prof. Rachel Johnson, Prof. Henry Wilson",1
32,Volunteer_Role_32.pdf,Writing Center Tutor,Biology,"Dr. Kevin Lee, Prof. Rachel Johnson, Dr. Olivia Scott",3
33,Volunteer_Role_33.pdf,Media Production Volunteer,Business,"Prof. Linda Nguyen, Dr. Andrew Parker, Dr. Olivia Scott",1
34,Volunteer_Role_34.pdf,Campus Food Pantry Volunteer,English,"Dr. Sarah Thompson, Prof. Rachel Johnson, Prof. John Carter",3
35,Volunteer_Role_35.pdf,Science Laboratory Assistant,Psychology,"Prof. Linda Nguyen, Dr. Emily Davis, Dr. Olivia Scott",1
36,Volunteer_Role_36.pdf,Business Innovation Assistant,Mathematics,"Prof. Henry Wilson, Dr. Sarah Thompson, Dr. Michael Brown",2
37,Volunteer_Role_37.pdf,Engineering Workshop Volunteer,Computer Science,"Prof. Rachel Johnson, Dr. Maria Gonzalez, Prof. Linda Nguyen",3
38,Volunteer_Role_38.pdf,Math Learning Lab Assistant,Business,"Dr. Michael Brown, Dr. Sarah Thompson, Dr. Kevin Lee",1
39,Volunteer_Role_39.pdf,Psychology Lab Support,Biology,"Prof. Linda Nguyen, Dr. Sarah Thompson, Prof. John Carter",2
40,Volunteer_Role_40.pdf,Art Studio Volunteer,Computer Science,"Prof. John Carter, Dr. Olivia Scott, Dr. Maria Gonzalez",2
41,Volunteer_Role_41.pdf,Community Outreach Support Volunteer,Engineering,"Dr. Maria Gonzalez, Prof. Henry Wilson, Prof. Rachel Johnson",1
42,Volunteer_Role_42.pdf,STEM Learning Center Tutor,Psychology,"Dr. Maria Gonzalez, Prof. Rachel Johnson, Dr. Sarah Thompson",2
43,Volunteer_Role_43.pdf,Library Resources Assistant,Business,"Dr. Michael Brown, Dr. Kevin Lee, Prof. Henry Wilson",3
44,Volunteer_Role_44.pdf,Campus Sustainability Advocate,Mathematics,"Prof. Henry Wilson, Dr. Sarah Thompson, Dr. Emily Davis",1
45,Volunteer_Role_45.pdf,Event Operations Volunteer,Business,"Dr. Andrew Parker, Dr. Sarah Thompson, Prof. John Carter",3
46,Volunteer_Role_46.pdf,Undergraduate Research Assistant,Mathematics,"Dr. Andrew Parker, Prof. Linda Nguyen, Dr. Kevin Lee",1
47,Volunteer_Role_47.pdf,Student Wellness Peer Mentor,English,"Dr. Olivia Scott, Prof. John Carter, Dr. Michael Brown",1
48,Volunteer_Role_48.pdf,IT Help Desk Volunteer,Mathematics,"Prof. Linda Nguyen, Dr. Maria Gonzalez, Dr. Sarah Thompson",1
49,Volunteer_Role_49.pdf,Career Center Outreach Support,English,"Prof. Linda Nguyen, Dr. Kevin Lee, Dr. Maria Gonzalez",1
50,Volunteer_Role_50.pdf,International Student Peer Guide,Engineering,"Prof. Linda Nguyen, Dr. Maria Gonzalez, Dr. Sarah Thompson",3
51,Volunteer_Role_51.pdf,Athletics Event Support,Computer Science,"Dr. Sarah Thompson, Dr. Andrew Parker, Prof. Henry Wilson",1
52,Volunteer_Role_52.pdf,Writing Center Tutor,Engineering,"Prof. Rachel Johnson, Dr. Kevin Lee, Prof. Linda Nguyen",3
53,Volunteer_Role_53.pdf,Media Production Volunteer,Sociology,"Dr. Kevin Lee, Dr. Sarah Thompson, Dr. Michael Brown",3
54,Volunteer_Role_54.pdf,Campus Food Pantry Volunteer,Psychology,"Dr. Sarah Thompson, Dr. Emily Davis, Dr. Olivia Scott",1
55,Volunteer_Role_55.pdf,Science Laboratory Assistant,Business,"Prof. Rachel Johnson, Dr. Andrew Parker, Prof. Linda Nguyen",3
56,Volunteer_Role_56.pdf,Business Innovation Assistant,Sociology,"Dr. Sarah Thompson, Dr. Kevin Lee, Dr. Emily Davis",3
57,Volunteer_Role_57.pdf,Engineering Workshop Volunteer,Business,"Dr. Sarah Thompson, Prof. John Carter, Dr. Maria Gonzalez",1
58,Volunteer_Role_58.pdf,Math Learning Lab Assistant,Biology,"Dr. Emily Davis, Prof. John Carter, Dr. Michael Brown",2
59,Volunteer_Role_59.pdf,Psychology Lab Support,Business,"Dr. Olivia Scott, Dr. Maria Gonzalez, Dr. Michael Brown",3
60,Volunteer_Role_60.pdf,Art Studio Volunteer,Engineering,"Dr. Sarah Thompson, Prof. Henry Wilson, Dr. Emily Davis",3
61,Volunteer_Role_61.pdf,Community Outreach Support Volunteer,Engineering,"Dr. Maria Gonzalez, Prof. Linda Nguyen, Dr. Andrew Parker",3
62,Volunteer_Role_62.pdf,STEM Learning Center Tutor,Sociology,"Dr. Kevin Lee, Dr. Sarah Thompson, Prof. Rachel Johnson",1
63,Volunteer_Role_63.pdf,Library Resources Assistant,English,"Prof. Rachel Johnson, Dr. Michael Brown, Dr. Maria Gonzalez",2
64,Volunteer_Role_64.pdf,Campus Sustainability Advocate,Mathematics,"Dr. Emily Davis, Dr. Kevin Lee, Prof. John Carter",3
65,Volunteer_Role_65.pdf,Event Operations Volunteer,Engineering,"Prof. Rachel Johnson, Dr. Maria Gonzalez, Prof. Linda Nguyen",3
66,Volunteer_Role_66.pdf,Undergraduate Research Assistant,Communications,"Dr. Maria Gonzalez, Prof. John Carter, Prof. Rachel Johnson",3
67,Volunteer_Role_67.pdf,Student Wellness Peer Mentor,Psychology,"Dr. Olivia Scott, Prof. Henry Wilson, Dr. Maria Gonzalez",2
68,Volunteer_Role_68.pdf,IT Help Desk Volunteer,Sociology,"Dr. Andrew Parker, Dr. Olivia Scott, Dr. Sarah Thompson",1
69,Volunteer_Role_69.pdf,Career Center Outreach Support,English,"Dr. Michael Brown, Prof. Rachel Johnson, Dr. Andrew Parker",3
70,Volunteer_Role_70.pdf,International Student Peer Guide,Mathematics,"Prof. John Carter, Prof. Henry Wilson, Prof. Linda Nguyen",1
71,Volunteer_Role_71.pdf,Athletics Event Support,Sociology,"Dr. Michael Brown, Dr. Olivia Scott, Dr. Maria Gonzalez",1
72,Volunteer_Role_72.pdf,Writing Center Tutor,Engineering,"Prof. John Carter, Dr. Michael Brown, Dr. Maria Gonzalez",1
73,Volunteer_Role_73.pdf,Media Production Volunteer,Sociology,"Dr. Olivia Scott, Prof. Henry Wilson, Dr. Sarah Thompson",1
74,Volunteer_Role_74.pdf,Campus Food Pantry Volunteer,Business,"Dr. Michael Brown, Prof. Henry Wilson, Prof. John Carter",1
75,Volunteer_Role_75.pdf,Science Laboratory Assistant,Communications,"Dr. Kevin Lee, Dr. Olivia Scott, Prof. Henry Wilson",2
76,Volunteer_Role_76.pdf,Business Innovation Assistant,Business,"Dr. Kevin Lee, Dr. Michael Brown, Prof. Linda Nguyen",3
77,Volunteer_Role_77.pdf,Engineering Workshop Volunteer,Environmental Science,"Dr. Olivia Scott, Dr. Emily Davis, Prof. Linda Nguyen",2
78,Volunteer_Role_78.pdf,Math Learning Lab Assistant,English,"Dr. Andrew Parker, Dr. Maria Gonzalez, Dr. Sarah Thompson",1
79,Volunteer_Role_79.pdf,Psychology Lab Support,Business,"Dr. Andrew Parker, Prof. Linda Nguyen, Dr. Emily Davis",2
80,Volunteer_Role_80.pdf,Art Studio Volunteer,Engineering,"Dr. Emily Davis, Dr. Andrew Parker, Prof. John Carter",1
81,Volunteer_Role_81.pdf,Community Outreach Support Volunteer,Biology,"Dr. Andrew Parker, Dr. Maria Gonzalez, Prof. John Carter",1
82,Volunteer_Role_82.pdf,STEM Learning Center Tutor,Sociology,"Dr. Andrew Parker, Dr. Olivia Scott, Prof. Rachel Johnson",1
83,Volunteer_Role_83.pdf,Library Resources Assistant,English,"Dr. Sarah Thompson, Dr. Emily Davis, Prof. Rachel Johnson",3
84,Volunteer_Role_84.pdf,Campus Sustainability Advocate,Business,"Dr. Kevin Lee, Dr. Maria Gonzalez, Dr. Olivia Scott",3
85,Volunteer_Role_85.pdf,Event Operations Volunteer,Computer Science,"Dr. Olivia Scott, Dr. Maria Gonzalez, Dr. Kevin Lee",2
86,Volunteer_Role_86.pdf,Undergraduate Research Assistant,Engineering,"Prof. Henry Wilson, Prof. John Carter, Prof. Linda Nguyen",3
87,Volunteer_Role_87.pdf,Student Wellness Peer Mentor,Sociology,"Dr. Olivia Scott, Dr. Maria Gonzalez, Prof. Linda Nguyen",2
88,Volunteer_Role_88.pdf,IT Help Desk Volunteer,Mathematics,"Prof. Rachel Johnson, Dr. Sarah Thompson, Prof. Linda Nguyen",2
89,Volunteer_Role_89.pdf,Career Center Outreach Support,Mathematics,"Prof. John Carter, Dr. Emily Davis, Prof. Henry Wilson",2
90,Volunteer_Role_90.pdf,International Student Peer Guide,English,"Dr. Maria Gonzalez, Dr. Michael Brown, Prof. Henry Wilson",3
91,Volunteer_Role_91.pdf,Athletics Event Support,Environmental Science,"Prof. Linda Nguyen, Dr. Maria Gonzalez, Dr. Olivia Scott",2
92,Volunteer_Role_92.pdf,Writing Center Tutor,Mathematics,"Prof. John Carter, Prof. Henry Wilson, Dr. Emily Davis",3
93,Volunteer_Role_93.pdf,Media Production Volunteer,Computer Science,"Dr. Andrew Parker, Dr. Emily Davis, Dr. Michael Brown",3
94,Volunteer_Role_94.pdf,Campus Food Pantry Volunteer,Psychology,"Prof. Linda Nguyen, Prof. Rachel Johnson, Dr. Emily Davis",2
95,Volunteer_Role_95.pdf,Science Laboratory Assistant,Environmental Science,"Dr. Maria Gonzalez, Dr. Sarah Thompson, Dr. Kevin Lee",2
96,Volunteer_Role_96.pdf,Business Innovation Assistant,Engineering,"Prof. Henry Wilson, Dr. Sarah Thompson, Prof. John Carter",2
97,Volunteer_Role_97.pdf,Engineering Workshop Volunteer,Environmental Science,"Prof. Rachel Johnson, Dr. Emily Davis, Prof. Linda Nguyen",3
98,Volunteer_Role_98.pdf,Math Learning Lab Assistant,Business,"Dr. Sarah Thompson, Dr. Emily Davis, Prof. Rachel Johnson",3
99,Volunteer_Role_99.pdf,Psychology Lab Support,Sociology,"Prof. Henry Wilson, Dr. Sarah Thompson, Prof. John Carter",3
100,Volunteer_Role_100.pdf,Art Studio Volunteer,Business,"Dr. Andrew Parker, Prof. John Carter, Prof. Henry Wilson",3
